{
 "\u8482\u5c14\u5821": [
  5.0439311164373,
  51.57370915
 ],
 "\u5217\u65e5": [
  5.5734203,
  50.6451381
 ],
 "\u4f0a\u5179\u7c73\u7279": [
  29.9279311,
  40.7643476
 ],
 "\u5207\u5c14\u7eb3": [
  22.123152928722,
  48.4360094
 ],
 "\u83ab\u65af\u79d1": [
  37.6176606,
  55.7507178
 ],
 "\u9a6c\u8d5b": [
  5.3699525,
  43.2961743
 ],
 "\u65b0\u897f\u4f2f\u5229\u4e9a": [
  82.9234509,
  55.0282171
 ],
 "\u9e7f\u7279\u4e39": [
  4.4631727,
  51.9228958
 ],
 "\u8def\u5fb7\u7ef4\u5e0c\u6e2f": [
  8.439117,
  49.479236
 ],
 "\u534e\u6c99": [
  21.0067265,
  52.2319237
 ],
 "\u6ce2\u5c14\u591a": [
  -0.5800364,
  44.841225
 ],
 "\u7c73\u5170": [
  9.1904984,
  45.4667971
 ],
 "\u5e03\u62c9\u683c": [
  14.4212535,
  50.0874654
 ],
 "\u91cc\u6602": [
  1.0939658,
  49.4404591
 ],
 "\u79d1\u9686": [
  8.6820917,
  50.1106444
 ],
 "\u5a01\u5c3c\u65af": [
  12.3345898,
  45.4371908
 ],
 "\u5b89\u7279\u536b\u666e": [
  4.3997081,
  51.2211097
 ],
 "\u53f6\u5361\u6377\u7433\u5821": [
  60.60825,
  56.839104
 ],
 "\u7ebd\u4f26\u5821": [
  11.083334,
  49.45
 ],
 "\u6377\u514b\u7279\u70ed\u535a\u74e6": [
  16.4472039,
  49.9021593
 ],
 "\u660e\u65af\u514b": [
  27.567,
  53.900
 ],
 "\u6c49\u5821": [
  14.6692423,
  51.0947288
 ],
 "\u8003\u7eb3\u65af": [
  23.9044817,
  54.8982139
 ],
 "\u675c\u4f0a\u65af\u5821": [
  6.759562,
  51.434999
 ],
 "\u7279\u745e\u5821": [
  13.1461522,
  55.37592
 ],
 "\u5e03\u8fbe\u8fea\u65af\u62c9\u53d1": [
  17.1093063,
  48.1516988
 ],
 "\u6ce2\u5179\u5357": [
  14.9539185,
  50.9077147
 ],
 "\u5e03\u8fbe\u4f69\u65af": [
  19.0404707,
  47.4983815
 ],
 "\u52d2\u963f\u5f17\u5c14": [
  0.1079732,
  49.4938975
 ],
 "\u9a6c\u62c9\u820d\u7ef4\u5947": [
  23.5310557,
  52.0240425
 ],
 "\u7f57\u5179": [
  17.0326689,
  51.1089776
 ],
 "\u7ef4\u7f57\u7eb3": [
  10.9924122,
  45.4384958
 ],
 "\u7ef4\u5c14\u7ebd\u65af": [
  25.2829111,
  54.6870458
 ],
 "\u675c\u5c14\u70ed": [
  0.7694084,
  47.2051853
 ]
}